2026/08/23 12:19:18.509, 0, 0 %, 0 MiB
2026/08/23 12:19:18.513, 1, 0 %, 0 MiB
2026/08/23 12:19:19.516, 0, 1 %, 1485 MiB
2026/08/23 12:19:19.516, 1, 2 %, 593 MiB
2026/08/23 12:19:20.516, 0, 9 %, 1487 MiB
2026/08/23 12:19:20.516, 1, 15 %, 1487 MiB
2026/08/23 12:19:21.517, 0, 27 %, 1487 MiB
2026/08/23 12:19:21.517, 1, 28 %, 1487 MiB
2026/08/23 12:19:22.517, 0, 29 %, 1487 MiB
2026/08/23 12:19:22.518, 1, 28 %, 1487 MiB
2026/08/23 12:19:23.518, 0, 27 %, 1487 MiB
2026/08/23 12:19:23.518, 1, 29 %, 1487 MiB
2026/08/23 12:19:24.518, 0, 27 %, 1487 MiB
2026/08/23 12:19:24.518, 1, 26 %, 1487 MiB
2026/08/23 12:19:25.519, 0, 28 %, 1487 MiB
2026/08/23 12:19:25.519, 1, 27 %, 1487 MiB
2026/08/23 12:19:26.519, 0, 26 %, 1487 MiB
2026/08/23 12:19:26.519, 1, 29 %, 1487 MiB
2026/08/23 12:19:27.519, 0, 31 %, 1487 MiB
2026/08/23 12:19:27.519, 1, 27 %, 1487 MiB
2026/08/23 12:19:28.519, 0, 26 %, 1487 MiB
2026/08/23 12:19:28.520, 1, 27 %, 1487 MiB
2026/08/23 12:19:29.520, 0, 28 %, 1487 MiB
2026/08/23 12:19:29.520, 1, 28 %, 1487 MiB
2026/08/23 12:19:30.520, 0, 27 %, 1487 MiB
2026/08/23 12:19:30.520, 1, 27 %, 1487 MiB
2026/08/23 12:19:31.521, 0, 28 %, 1487 MiB
2026/08/23 12:19:31.521, 1, 28 %, 1487 MiB
2026/08/23 12:19:32.522, 0, 28 %, 1487 MiB
2026/08/23 12:19:32.522, 1, 28 %, 1487 MiB
2026/08/23 12:19:33.522, 0, 29 %, 1487 MiB
2026/08/23 12:19:33.523, 1, 29 %, 1487 MiB
2026/08/23 12:19:34.523, 0, 29 %, 1487 MiB
2026/08/23 12:19:34.523, 1, 27 %, 1487 MiB
2026/08/23 12:19:35.523, 0, 26 %, 1487 MiB
2026/08/23 12:19:35.524, 1, 29 %, 1487 MiB
2026/08/23 12:19:36.524, 0, 30 %, 1487 MiB
2026/08/23 12:19:36.524, 1, 31 %, 1487 MiB
2026/08/23 12:19:37.524, 0, 29 %, 1487 MiB
2026/08/23 12:19:37.524, 1, 29 %, 1487 MiB
2026/08/23 12:19:38.525, 0, 25 %, 1487 MiB
2026/08/23 12:19:38.525, 1, 26 %, 1487 MiB
2026/08/23 12:19:39.525, 0, 28 %, 1487 MiB
2026/08/23 12:19:39.526, 1, 29 %, 1487 MiB
2026/08/23 12:19:40.526, 0, 28 %, 1487 MiB
2026/08/23 12:19:40.526, 1, 28 %, 1487 MiB
2026/08/23 12:19:41.526, 0, 29 %, 1487 MiB
2026/08/23 12:19:41.526, 1, 29 %, 1487 MiB
2026/08/23 12:19:42.527, 0, 28 %, 1487 MiB
2026/08/23 12:19:42.527, 1, 26 %, 1487 MiB
2026/08/23 12:19:43.527, 0, 27 %, 1487 MiB
2026/08/23 12:19:43.527, 1, 27 %, 1487 MiB
2026/08/23 12:19:44.528, 0, 27 %, 1487 MiB
2026/08/23 12:19:44.528, 1, 28 %, 1487 MiB
2026/08/23 12:19:45.528, 0, 27 %, 1487 MiB
2026/08/23 12:19:45.529, 1, 29 %, 1487 MiB
2026/08/23 12:19:46.529, 0, 30 %, 1487 MiB
2026/08/23 12:19:46.529, 1, 29 %, 1487 MiB
2026/08/23 12:19:47.529, 0, 26 %, 1487 MiB
2026/08/23 12:19:47.529, 1, 26 %, 1487 MiB
2026/08/23 12:19:48.530, 0, 28 %, 1487 MiB
2026/08/23 12:19:48.530, 1, 30 %, 1487 MiB
2026/08/23 12:19:49.530, 0, 30 %, 1487 MiB
2026/08/23 12:19:49.530, 1, 30 %, 1487 MiB
2026/08/23 12:19:50.531, 0, 26 %, 1487 MiB
2026/08/23 12:19:50.531, 1, 27 %, 1487 MiB
2026/08/23 12:19:51.531, 0, 27 %, 1487 MiB
2026/08/23 12:19:51.531, 1, 27 %, 1487 MiB
2026/08/23 12:19:52.532, 0, 29 %, 1487 MiB
2026/08/23 12:19:52.532, 1, 30 %, 1487 MiB
2026/08/23 12:19:53.532, 0, 30 %, 1487 MiB
2026/08/23 12:19:53.532, 1, 28 %, 1487 MiB
2026/08/23 12:19:54.533, 0, 28 %, 1487 MiB
2026/08/23 12:19:54.533, 1, 28 %, 1487 MiB
2026/08/23 12:19:55.533, 0, 27 %, 1487 MiB
2026/08/23 12:19:55.533, 1, 26 %, 1487 MiB
2026/08/23 12:19:56.534, 0, 28 %, 1487 MiB
2026/08/23 12:19:56.534, 1, 27 %, 1487 MiB
2026/08/23 12:19:57.534, 0, 28 %, 1487 MiB
2026/08/23 12:19:57.534, 1, 26 %, 1487 MiB
2026/08/23 12:19:58.535, 0, 26 %, 1487 MiB
2026/08/23 12:19:58.535, 1, 26 %, 1487 MiB
2026/08/23 12:19:59.535, 0, 26 %, 1487 MiB
2026/08/23 12:19:59.535, 1, 27 %, 1487 MiB
2026/08/23 12:20:00.535, 0, 26 %, 1487 MiB
2026/08/23 12:20:00.536, 1, 29 %, 1487 MiB
2026/08/23 12:20:01.536, 0, 26 %, 1487 MiB
2026/08/23 12:20:01.536, 1, 28 %, 1487 MiB
2026/08/23 12:20:02.537, 0, 29 %, 1487 MiB
2026/08/23 12:20:02.537, 1, 26 %, 1487 MiB
2026/08/23 12:20:03.537, 0, 25 %, 1487 MiB
2026/08/23 12:20:03.537, 1, 27 %, 1487 MiB
2026/08/23 12:20:04.538, 0, 27 %, 1487 MiB
2026/08/23 12:20:04.538, 1, 29 %, 1487 MiB
2026/08/23 12:20:05.538, 0, 28 %, 1487 MiB
2026/08/23 12:20:05.539, 1, 30 %, 1487 MiB
2026/08/23 12:20:06.539, 0, 25 %, 1487 MiB
2026/08/23 12:20:06.539, 1, 27 %, 1487 MiB
2026/08/23 12:20:07.539, 0, 29 %, 1487 MiB
2026/08/23 12:20:07.539, 1, 26 %, 1487 MiB
2026/08/23 12:20:08.539, 0, 27 %, 1487 MiB
2026/08/23 12:20:08.539, 1, 28 %, 1487 MiB
2026/08/23 12:20:09.540, 0, 29 %, 1487 MiB
2026/08/23 12:20:09.540, 1, 26 %, 1487 MiB
2026/08/23 12:20:10.540, 0, 26 %, 1487 MiB
2026/08/23 12:20:10.540, 1, 28 %, 1487 MiB
2026/08/23 12:20:11.540, 0, 25 %, 1487 MiB
2026/08/23 12:20:11.540, 1, 28 %, 1487 MiB
2026/08/23 12:20:12.541, 0, 28 %, 1487 MiB
2026/08/23 12:20:12.541, 1, 29 %, 1487 MiB
2026/08/23 12:20:13.541, 0, 28 %, 1487 MiB
2026/08/23 12:20:13.541, 1, 26 %, 1487 MiB
2026/08/23 12:20:14.541, 0, 26 %, 1487 MiB
2026/08/23 12:20:14.541, 1, 28 %, 1487 MiB
2026/08/23 12:20:15.541, 0, 27 %, 1487 MiB
2026/08/23 12:20:15.541, 1, 28 %, 1487 MiB
2026/08/23 12:20:16.542, 0, 27 %, 1487 MiB
2026/08/23 12:20:16.542, 1, 27 %, 1487 MiB
2026/08/23 12:20:17.542, 0, 30 %, 1487 MiB
2026/08/23 12:20:17.542, 1, 27 %, 1487 MiB
2026/08/23 12:20:18.542, 0, 25 %, 1487 MiB
2026/08/23 12:20:18.542, 1, 27 %, 1487 MiB
2026/08/23 12:20:19.542, 0, 30 %, 1487 MiB
2026/08/23 12:20:19.543, 1, 29 %, 1487 MiB
2026/08/23 12:20:20.543, 0, 30 %, 1487 MiB
2026/08/23 12:20:20.543, 1, 28 %, 1487 MiB
2026/08/23 12:20:21.543, 0, 28 %, 1487 MiB
2026/08/23 12:20:21.543, 1, 27 %, 1487 MiB
2026/08/23 12:20:22.543, 0, 26 %, 1487 MiB
2026/08/23 12:20:22.543, 1, 26 %, 1487 MiB
2026/08/23 12:20:23.544, 0, 30 %, 1487 MiB
2026/08/23 12:20:23.544, 1, 27 %, 1487 MiB
2026/08/23 12:20:24.544, 0, 28 %, 1487 MiB
2026/08/23 12:20:24.544, 1, 27 %, 1487 MiB
2026/08/23 12:20:25.544, 0, 28 %, 1487 MiB
2026/08/23 12:20:25.544, 1, 26 %, 1487 MiB
2026/08/23 12:20:26.544, 0, 27 %, 1487 MiB
2026/08/23 12:20:26.545, 1, 29 %, 1487 MiB
2026/08/23 12:20:27.545, 0, 29 %, 1487 MiB
2026/08/23 12:20:27.545, 1, 27 %, 1487 MiB
2026/08/23 12:20:28.545, 0, 28 %, 1487 MiB
2026/08/23 12:20:28.546, 1, 29 %, 1487 MiB
2026/08/23 12:20:29.546, 0, 28 %, 1487 MiB
2026/08/23 12:20:29.546, 1, 30 %, 1487 MiB
2026/08/23 12:20:30.547, 0, 29 %, 1487 MiB
2026/08/23 12:20:30.547, 1, 29 %, 1487 MiB
2026/08/23 12:20:31.547, 0, 25 %, 1487 MiB
2026/08/23 12:20:31.547, 1, 26 %, 1487 MiB
2026/08/23 12:20:32.547, 0, 29 %, 1487 MiB
2026/08/23 12:20:32.547, 1, 28 %, 1487 MiB
2026/08/23 12:20:33.548, 0, 28 %, 1487 MiB
2026/08/23 12:20:33.548, 1, 26 %, 1487 MiB
2026/08/23 12:20:34.548, 0, 28 %, 1487 MiB
2026/08/23 12:20:34.548, 1, 30 %, 1487 MiB
2026/08/23 12:20:35.548, 0, 25 %, 1487 MiB
2026/08/23 12:20:35.549, 1, 25 %, 1487 MiB
2026/08/23 12:20:36.549, 0, 28 %, 1487 MiB
2026/08/23 12:20:36.549, 1, 29 %, 1487 MiB
2026/08/23 12:20:37.549, 0, 27 %, 1487 MiB
2026/08/23 12:20:37.549, 1, 30 %, 1487 MiB
2026/08/23 12:20:38.549, 0, 29 %, 1487 MiB
2026/08/23 12:20:38.549, 1, 28 %, 1487 MiB
2026/08/23 12:20:39.549, 0, 26 %, 1487 MiB
2026/08/23 12:20:39.550, 1, 28 %, 1487 MiB
2026/08/23 12:20:40.550, 0, 29 %, 1487 MiB
2026/08/23 12:20:40.550, 1, 30 %, 1487 MiB
2026/08/23 12:20:41.550, 0, 27 %, 1487 MiB
2026/08/23 12:20:41.550, 1, 27 %, 1487 MiB
2026/08/23 12:20:42.550, 0, 26 %, 1487 MiB
2026/08/23 12:20:42.550, 1, 26 %, 1487 MiB
2026/08/23 12:20:43.550, 0, 30 %, 1487 MiB
2026/08/23 12:20:43.551, 1, 29 %, 1487 MiB
2026/08/23 12:20:44.551, 0, 26 %, 1487 MiB
2026/08/23 12:20:44.551, 1, 26 %, 1487 MiB
2026/08/23 12:20:45.551, 0, 29 %, 1487 MiB
2026/08/23 12:20:45.551, 1, 30 %, 1487 MiB
2026/08/23 12:20:46.551, 0, 27 %, 1487 MiB
2026/08/23 12:20:46.552, 1, 27 %, 1487 MiB
2026/08/23 12:20:47.552, 0, 27 %, 1487 MiB
2026/08/23 12:20:47.552, 1, 28 %, 1487 MiB
2026/08/23 12:20:48.552, 0, 27 %, 1487 MiB
2026/08/23 12:20:48.553, 1, 27 %, 1487 MiB
2026/08/23 12:20:49.553, 0, 26 %, 1487 MiB
2026/08/23 12:20:49.553, 1, 25 %, 1487 MiB
2026/08/23 12:20:50.553, 0, 30 %, 1487 MiB
2026/08/23 12:20:50.553, 1, 29 %, 1487 MiB
2026/08/23 12:20:51.553, 0, 29 %, 1487 MiB
2026/08/23 12:20:51.554, 1, 30 %, 1487 MiB
2026/08/23 12:20:52.554, 0, 30 %, 1487 MiB
2026/08/23 12:20:52.554, 1, 29 %, 1487 MiB
2026/08/23 12:20:53.554, 0, 25 %, 1487 MiB
2026/08/23 12:20:53.555, 1, 25 %, 1487 MiB
2026/08/23 12:20:54.555, 0, 26 %, 1487 MiB
2026/08/23 12:20:54.555, 1, 28 %, 1487 MiB
2026/08/23 12:20:55.555, 0, 28 %, 1487 MiB
2026/08/23 12:20:55.555, 1, 27 %, 1487 MiB
2026/08/23 12:20:56.555, 0, 29 %, 1487 MiB
2026/08/23 12:20:56.556, 1, 30 %, 1487 MiB
2026/08/23 12:20:57.556, 0, 27 %, 1487 MiB
2026/08/23 12:20:57.556, 1, 25 %, 1487 MiB
2026/08/23 12:20:58.556, 0, 27 %, 1487 MiB
2026/08/23 12:20:58.556, 1, 27 %, 1487 MiB
2026/08/23 12:20:59.556, 0, 27 %, 1487 MiB
2026/08/23 12:20:59.557, 1, 27 %, 1487 MiB
2026/08/23 12:21:00.557, 0, 29 %, 1487 MiB
2026/08/23 12:21:00.557, 1, 26 %, 1487 MiB
2026/08/23 12:21:01.557, 0, 27 %, 1487 MiB
2026/08/23 12:21:01.557, 1, 29 %, 1487 MiB
2026/08/23 12:21:02.557, 0, 26 %, 1487 MiB
2026/08/23 12:21:02.558, 1, 29 %, 1487 MiB
2026/08/23 12:21:03.558, 0, 26 %, 1487 MiB
2026/08/23 12:21:03.558, 1, 27 %, 1487 MiB
2026/08/23 12:21:04.558, 0, 29 %, 1487 MiB
2026/08/23 12:21:04.558, 1, 28 %, 1487 MiB
2026/08/23 12:21:05.559, 0, 28 %, 1487 MiB
2026/08/23 12:21:05.559, 1, 27 %, 1487 MiB
2026/08/23 12:21:06.559, 0, 30 %, 1487 MiB
2026/08/23 12:21:06.559, 1, 28 %, 1487 MiB
2026/08/23 12:21:07.560, 0, 26 %, 1487 MiB
2026/08/23 12:21:07.560, 1, 26 %, 1487 MiB
2026/08/23 12:21:08.560, 0, 28 %, 1487 MiB
2026/08/23 12:21:08.560, 1, 30 %, 1487 MiB
2026/08/23 12:21:09.560, 0, 26 %, 1487 MiB
2026/08/23 12:21:09.560, 1, 29 %, 1487 MiB
2026/08/23 12:21:10.560, 0, 26 %, 1487 MiB
2026/08/23 12:21:10.560, 1, 28 %, 1487 MiB
2026/08/23 12:21:11.561, 0, 28 %, 1487 MiB
2026/08/23 12:21:11.561, 1, 25 %, 1487 MiB
2026/08/23 12:21:12.561, 0, 28 %, 1487 MiB
2026/08/23 12:21:12.561, 1, 26 %, 1487 MiB
2026/08/23 12:21:13.561, 0, 26 %, 1487 MiB
2026/08/23 12:21:13.561, 1, 27 %, 1487 MiB
2026/08/23 12:21:14.562, 0, 27 %, 1487 MiB
2026/08/23 12:21:14.562, 1, 29 %, 1487 MiB
2026/08/23 12:21:15.562, 0, 26 %, 1487 MiB
2026/08/23 12:21:15.562, 1, 28 %, 1487 MiB
2026/08/23 12:21:16.562, 0, 26 %, 1487 MiB
2026/08/23 12:21:16.562, 1, 28 %, 1487 MiB
2026/08/23 12:21:17.563, 0, 27 %, 1487 MiB
2026/08/23 12:21:17.563, 1, 28 %, 1487 MiB
2026/08/23 12:21:18.563, 0, 27 %, 1487 MiB
2026/08/23 12:21:18.563, 1, 28 %, 1487 MiB
2026/08/23 12:21:19.563, 0, 27 %, 1487 MiB
2026/08/23 12:21:19.564, 1, 29 %, 1487 MiB
2026/08/23 12:21:20.564, 0, 30 %, 1487 MiB
2026/08/23 12:21:20.564, 1, 29 %, 1487 MiB
2026/08/23 12:21:21.564, 0, 29 %, 1487 MiB
2026/08/23 12:21:21.564, 1, 26 %, 1487 MiB
2026/08/23 12:21:22.565, 0, 27 %, 1487 MiB
2026/08/23 12:21:22.565, 1, 26 %, 1487 MiB
2026/08/23 12:21:23.565, 0, 28 %, 1487 MiB
2026/08/23 12:21:23.565, 1, 30 %, 1487 MiB
2026/08/23 12:21:24.565, 0, 28 %, 1487 MiB
2026/08/23 12:21:24.565, 1, 27 %, 1487 MiB
2026/08/23 12:21:25.566, 0, 27 %, 1487 MiB
2026/08/23 12:21:25.566, 1, 29 %, 1487 MiB
2026/08/23 12:21:26.566, 0, 27 %, 1487 MiB
2026/08/23 12:21:26.566, 1, 29 %, 1487 MiB
2026/08/23 12:21:27.566, 0, 28 %, 1487 MiB
2026/08/23 12:21:27.567, 1, 28 %, 1487 MiB
2026/08/23 12:21:28.567, 0, 25 %, 1487 MiB
2026/08/23 12:21:28.567, 1, 26 %, 1487 MiB
2026/08/23 12:21:29.567, 0, 30 %, 1487 MiB
2026/08/23 12:21:29.567, 1, 31 %, 1487 MiB
2026/08/23 12:21:30.567, 0, 30 %, 1487 MiB
2026/08/23 12:21:30.568, 1, 28 %, 1487 MiB
2026/08/23 12:21:31.568, 0, 30 %, 1487 MiB
2026/08/23 12:21:31.568, 1, 29 %, 1487 MiB
2026/08/23 12:21:32.568, 0, 27 %, 1487 MiB
2026/08/23 12:21:32.568, 1, 26 %, 1487 MiB
2026/08/23 12:21:33.569, 0, 30 %, 1487 MiB
2026/08/23 12:21:33.569, 1, 28 %, 1487 MiB
2026/08/23 12:21:34.569, 0, 28 %, 1487 MiB
2026/08/23 12:21:34.569, 1, 27 %, 1487 MiB
2026/08/23 12:21:35.569, 0, 25 %, 1487 MiB
2026/08/23 12:21:35.569, 1, 26 %, 1487 MiB
2026/08/23 12:21:36.570, 0, 28 %, 1487 MiB
2026/08/23 12:21:36.570, 1, 29 %, 1487 MiB
2026/08/23 12:21:37.570, 0, 29 %, 1487 MiB
2026/08/23 12:21:37.570, 1, 30 %, 1487 MiB
2026/08/23 12:21:38.570, 0, 28 %, 1487 MiB
2026/08/23 12:21:38.570, 1, 30 %, 1487 MiB
2026/08/23 12:21:39.571, 0, 26 %, 1487 MiB
2026/08/23 12:21:39.571, 1, 28 %, 1487 MiB
2026/08/23 12:21:40.571, 0, 26 %, 1487 MiB
2026/08/23 12:21:40.572, 1, 27 %, 1487 MiB
2026/08/23 12:21:41.572, 0, 27 %, 1487 MiB
2026/08/23 12:21:41.572, 1, 27 %, 1487 MiB
2026/08/23 12:21:42.572, 0, 27 %, 1487 MiB
2026/08/23 12:21:42.572, 1, 27 %, 1487 MiB
2026/08/23 12:21:43.573, 0, 30 %, 1487 MiB
2026/08/23 12:21:43.573, 1, 27 %, 1487 MiB
2026/08/23 12:21:44.573, 0, 27 %, 1487 MiB
2026/08/23 12:21:44.573, 1, 30 %, 1487 MiB
2026/08/23 12:21:45.574, 0, 29 %, 1487 MiB
2026/08/23 12:21:45.574, 1, 28 %, 1487 MiB
2026/08/23 12:21:46.574, 0, 28 %, 1487 MiB
2026/08/23 12:21:46.574, 1, 27 %, 1487 MiB
2026/08/23 12:21:47.575, 0, 27 %, 1487 MiB
2026/08/23 12:21:47.575, 1, 27 %, 1487 MiB
2026/08/23 12:21:48.575, 0, 28 %, 1487 MiB
2026/08/23 12:21:48.576, 1, 29 %, 1487 MiB
2026/08/23 12:21:49.576, 0, 27 %, 1487 MiB
2026/08/23 12:21:49.576, 1, 29 %, 1487 MiB
2026/08/23 12:21:50.576, 0, 26 %, 1487 MiB
2026/08/23 12:21:50.576, 1, 27 %, 1487 MiB
2026/08/23 12:21:51.577, 0, 28 %, 1487 MiB
2026/08/23 12:21:51.577, 1, 27 %, 1487 MiB
2026/08/23 12:21:52.577, 0, 28 %, 1487 MiB
2026/08/23 12:21:52.577, 1, 30 %, 1487 MiB
2026/08/23 12:21:53.577, 0, 26 %, 1487 MiB
2026/08/23 12:21:53.578, 1, 27 %, 1487 MiB
2026/08/23 12:21:54.578, 0, 28 %, 1487 MiB
2026/08/23 12:21:54.578, 1, 28 %, 1487 MiB
2026/08/23 12:21:55.578, 0, 29 %, 1487 MiB
2026/08/23 12:21:55.578, 1, 29 %, 1487 MiB
2026/08/23 12:21:56.578, 0, 29 %, 1487 MiB
2026/08/23 12:21:56.579, 1, 28 %, 1487 MiB
2026/08/23 12:21:57.579, 0, 26 %, 1487 MiB
2026/08/23 12:21:57.579, 1, 29 %, 1487 MiB
2026/08/23 12:21:58.579, 0, 29 %, 1487 MiB
2026/08/23 12:21:58.580, 1, 27 %, 1487 MiB
2026/08/23 12:21:59.580, 0, 27 %, 1487 MiB
2026/08/23 12:21:59.580, 1, 29 %, 1487 MiB
2026/08/23 12:22:00.580, 0, 27 %, 1487 MiB
2026/08/23 12:22:00.581, 1, 30 %, 1487 MiB
2026/08/23 12:22:01.581, 0, 26 %, 1487 MiB
2026/08/23 12:22:01.581, 1, 29 %, 1487 MiB
2026/08/23 12:22:02.582, 0, 26 %, 1487 MiB
2026/08/23 12:22:02.582, 1, 26 %, 1487 MiB
2026/08/23 12:22:03.582, 0, 25 %, 1487 MiB
2026/08/23 12:22:03.583, 1, 29 %, 1487 MiB
2026/08/23 12:22:04.583, 0, 29 %, 1487 MiB
2026/08/23 12:22:04.583, 1, 27 %, 1487 MiB
2026/08/23 12:22:05.583, 0, 27 %, 1487 MiB
2026/08/23 12:22:05.583, 1, 28 %, 1487 MiB
2026/08/23 12:22:06.584, 0, 26 %, 1487 MiB
2026/08/23 12:22:06.584, 1, 27 %, 1487 MiB
2026/08/23 12:22:07.584, 0, 28 %, 1487 MiB
2026/08/23 12:22:07.584, 1, 27 %, 1487 MiB
2026/08/23 12:22:08.584, 0, 27 %, 1487 MiB
2026/08/23 12:22:08.584, 1, 27 %, 1487 MiB
2026/08/23 12:22:09.585, 0, 27 %, 1487 MiB
2026/08/23 12:22:09.585, 1, 26 %, 1487 MiB
2026/08/23 12:22:10.585, 0, 26 %, 1487 MiB
2026/08/23 12:22:10.586, 1, 27 %, 1487 MiB
2026/08/23 12:22:11.586, 0, 27 %, 1487 MiB
2026/08/23 12:22:11.586, 1, 30 %, 1487 MiB
2026/08/23 12:22:12.586, 0, 29 %, 1487 MiB
2026/08/23 12:22:12.586, 1, 27 %, 1487 MiB
2026/08/23 12:22:13.587, 0, 29 %, 1487 MiB
2026/08/23 12:22:13.587, 1, 27 %, 1487 MiB
2026/08/23 12:22:14.587, 0, 29 %, 1487 MiB
2026/08/23 12:22:14.588, 1, 26 %, 1487 MiB
2026/08/23 12:22:15.588, 0, 27 %, 1487 MiB
2026/08/23 12:22:15.588, 1, 29 %, 1487 MiB
2026/08/23 12:22:16.588, 0, 26 %, 1487 MiB
2026/08/23 12:22:16.589, 1, 29 %, 1487 MiB
2026/08/23 12:22:17.589, 0, 25 %, 1487 MiB
2026/08/23 12:22:17.589, 1, 29 %, 1487 MiB
2026/08/23 12:22:18.590, 0, 28 %, 1487 MiB
2026/08/23 12:22:18.590, 1, 27 %, 1487 MiB
2026/08/23 12:22:19.590, 0, 28 %, 1487 MiB
2026/08/23 12:22:19.590, 1, 27 %, 1487 MiB
2026/08/23 12:22:20.590, 0, 25 %, 1487 MiB
2026/08/23 12:22:20.590, 1, 28 %, 1487 MiB
2026/08/23 12:22:21.591, 0, 29 %, 1487 MiB
2026/08/23 12:22:21.591, 1, 29 %, 1487 MiB
2026/08/23 12:22:22.591, 0, 26 %, 1487 MiB
2026/08/23 12:22:22.591, 1, 26 %, 1487 MiB
2026/08/23 12:22:23.591, 0, 26 %, 1487 MiB
2026/08/23 12:22:23.592, 1, 30 %, 1487 MiB
2026/08/23 12:22:24.592, 0, 28 %, 1487 MiB
2026/08/23 12:22:24.592, 1, 29 %, 1487 MiB
2026/08/23 12:22:25.592, 0, 28 %, 1487 MiB
2026/08/23 12:22:25.593, 1, 29 %, 1487 MiB
2026/08/23 12:22:26.593, 0, 28 %, 1487 MiB
2026/08/23 12:22:26.593, 1, 26 %, 1487 MiB
2026/08/23 12:22:27.593, 0, 30 %, 1487 MiB
2026/08/23 12:22:27.594, 1, 28 %, 1487 MiB
2026/08/23 12:22:28.594, 0, 29 %, 1487 MiB
2026/08/23 12:22:28.594, 1, 30 %, 1487 MiB
2026/08/23 12:22:29.594, 0, 27 %, 1487 MiB
2026/08/23 12:22:29.595, 1, 25 %, 1487 MiB
2026/08/23 12:22:30.595, 0, 28 %, 1487 MiB
2026/08/23 12:22:30.595, 1, 29 %, 1487 MiB
2026/08/23 12:22:31.595, 0, 26 %, 1487 MiB
2026/08/23 12:22:31.595, 1, 28 %, 1487 MiB
2026/08/23 12:22:32.595, 0, 29 %, 1487 MiB
2026/08/23 12:22:32.596, 1, 29 %, 1487 MiB
2026/08/23 12:22:33.596, 0, 28 %, 1487 MiB
2026/08/23 12:22:33.596, 1, 27 %, 1487 MiB
2026/08/23 12:22:34.596, 0, 26 %, 1487 MiB
2026/08/23 12:22:34.597, 1, 27 %, 1487 MiB
2026/08/23 12:22:35.597, 0, 26 %, 1487 MiB
2026/08/23 12:22:35.597, 1, 28 %, 1487 MiB
2026/08/23 12:22:36.597, 0, 28 %, 1487 MiB
2026/08/23 12:22:36.597, 1, 26 %, 1487 MiB
2026/08/23 12:22:37.597, 0, 27 %, 1487 MiB
2026/08/23 12:22:37.598, 1, 30 %, 1487 MiB
2026/08/23 12:22:38.598, 0, 28 %, 1487 MiB
2026/08/23 12:22:38.598, 1, 26 %, 1487 MiB
2026/08/23 12:22:39.598, 0, 25 %, 1487 MiB
2026/08/23 12:22:39.598, 1, 27 %, 1487 MiB
2026/08/23 12:22:40.599, 0, 27 %, 1487 MiB
2026/08/23 12:22:40.599, 1, 29 %, 1487 MiB
2026/08/23 12:22:41.599, 0, 29 %, 1487 MiB
2026/08/23 12:22:41.599, 1, 26 %, 1487 MiB
2026/08/23 12:22:42.599, 0, 28 %, 1487 MiB
2026/08/23 12:22:42.600, 1, 28 %, 1487 MiB
2026/08/23 12:22:43.600, 0, 27 %, 1487 MiB
2026/08/23 12:22:43.600, 1, 27 %, 1487 MiB
2026/08/23 12:22:44.600, 0, 29 %, 1487 MiB
2026/08/23 12:22:44.601, 1, 28 %, 1487 MiB
2026/08/23 12:22:45.601, 0, 30 %, 1487 MiB
2026/08/23 12:22:45.601, 1, 29 %, 1487 MiB
2026/08/23 12:22:46.601, 0, 28 %, 1487 MiB
2026/08/23 12:22:46.601, 1, 29 %, 1487 MiB
2026/08/23 12:22:47.601, 0, 27 %, 1487 MiB
2026/08/23 12:22:47.602, 1, 28 %, 1487 MiB
2026/08/23 12:22:48.602, 0, 30 %, 1487 MiB
2026/08/23 12:22:48.602, 1, 27 %, 1487 MiB
2026/08/23 12:22:49.602, 0, 28 %, 1487 MiB
2026/08/23 12:22:49.602, 1, 27 %, 1487 MiB
2026/08/23 12:22:50.602, 0, 28 %, 1487 MiB
2026/08/23 12:22:50.603, 1, 27 %, 1487 MiB
2026/08/23 12:22:51.603, 0, 27 %, 1487 MiB
2026/08/23 12:22:51.603, 1, 30 %, 1487 MiB
2026/08/23 12:22:52.603, 0, 28 %, 1487 MiB
2026/08/23 12:22:52.603, 1, 26 %, 1487 MiB
2026/08/23 12:22:53.603, 0, 27 %, 1487 MiB
2026/08/23 12:22:53.604, 1, 27 %, 1487 MiB
2026/08/23 12:22:54.604, 0, 26 %, 1487 MiB
2026/08/23 12:22:54.604, 1, 28 %, 1487 MiB
2026/08/23 12:22:55.605, 0, 28 %, 1487 MiB
2026/08/23 12:22:55.605, 1, 28 %, 1487 MiB
2026/08/23 12:22:56.605, 0, 28 %, 1487 MiB
2026/08/23 12:22:56.605, 1, 28 %, 1487 MiB
2026/08/23 12:22:57.605, 0, 29 %, 1487 MiB
2026/08/23 12:22:57.606, 1, 30 %, 1487 MiB
2026/08/23 12:22:58.606, 0, 27 %, 1487 MiB
2026/08/23 12:22:58.606, 1, 29 %, 1487 MiB
2026/08/23 12:22:59.607, 0, 27 %, 1487 MiB
2026/08/23 12:22:59.607, 1, 28 %, 1487 MiB
2026/08/23 12:23:00.607, 0, 27 %, 1487 MiB
2026/08/23 12:23:00.608, 1, 28 %, 1487 MiB
2026/08/23 12:23:01.608, 0, 30 %, 1487 MiB
2026/08/23 12:23:01.608, 1, 29 %, 1487 MiB
2026/08/23 12:23:02.609, 0, 29 %, 1487 MiB
2026/08/23 12:23:02.609, 1, 27 %, 1487 MiB
2026/08/23 12:23:03.609, 0, 27 %, 1487 MiB
2026/08/23 12:23:03.609, 1, 30 %, 1487 MiB
2026/08/23 12:23:04.609, 0, 25 %, 1487 MiB
2026/08/23 12:23:04.609, 1, 30 %, 1487 MiB
2026/08/23 12:23:05.610, 0, 30 %, 1487 MiB
2026/08/23 12:23:05.610, 1, 27 %, 1487 MiB
2026/08/23 12:23:06.610, 0, 30 %, 1487 MiB
2026/08/23 12:23:06.610, 1, 26 %, 1487 MiB
2026/08/23 12:23:07.611, 0, 28 %, 1487 MiB
2026/08/23 12:23:07.611, 1, 28 %, 1487 MiB
2026/08/23 12:23:08.611, 0, 29 %, 1487 MiB
2026/08/23 12:23:08.611, 1, 29 %, 1487 MiB
2026/08/23 12:23:09.611, 0, 29 %, 1487 MiB
2026/08/23 12:23:09.612, 1, 26 %, 1487 MiB
2026/08/23 12:23:10.612, 0, 26 %, 1487 MiB
2026/08/23 12:23:10.612, 1, 26 %, 1487 MiB
2026/08/23 12:23:11.613, 0, 15 %, 1487 MiB
2026/08/23 12:23:11.613, 1, 8 %, 1487 MiB
2026/08/23 12:23:12.613, 0, 0 %, 1487 MiB
2026/08/23 12:23:12.613, 1, 0 %, 1487 MiB
2026/08/23 12:23:13.614, 0, 0 %, 1487 MiB
2026/08/23 12:23:13.614, 1, 0 %, 1487 MiB
2026/08/23 12:23:14.614, 0, 0 %, 1483 MiB
2026/08/23 12:23:14.614, 1, 0 %, 1485 MiB
