dataset,type,threads,opengene_s,d0bromir_cpu_s,cpu_speedup_pct,cpu_speedup_x
Panel_SE_148M,SE,1,7.563,7.773,-2.8%,0.97x
Panel_SE_148M,SE,2,7.006,4.749,+32.2%,1.48x
Panel_SE_148M,SE,4,4.164,3.904,+6.2%,1.07x
Panel_SE_148M,SE,8,2.885,3.975,-37.8%,0.73x
Panel_SE_148M,SE,16,2.367,3.901,-64.8%,0.61x
Panel_SE_148M,SE,32,2.418,3.781,-56.4%,0.64x
Panel_PE_304M,PE,1,10.355,11.078,-7.0%,0.93x
Panel_PE_304M,PE,2,11.692,7.261,+37.9%,1.61x
Panel_PE_304M,PE,4,6.508,4.039,+37.9%,1.61x
Panel_PE_304M,PE,8,3.868,3.293,+14.9%,1.17x
Panel_PE_304M,PE,16,2.586,3.875,-49.8%,0.67x
Panel_PE_304M,PE,32,2.206,3.288,-49.0%,0.67x
WGS_SE_6.3G,SE,1,295.999,284.570,+3.9%,1.04x
WGS_SE_6.3G,SE,2,251.656,148.655,+40.9%,1.69x
WGS_SE_6.3G,SE,4,137.891,81.040,+41.2%,1.70x
WGS_SE_6.3G,SE,16,201.798,79.138,+60.8%,2.55x
WGS_SE_6.3G,SE,32,187.414,79.655,+57.5%,2.35x
WGS_PE_12.8G,PE,1,449.818,634.608,-41.1%,0.71x
WGS_PE_12.8G,PE,2,521.682,324.849,+37.7%,1.61x
WGS_PE_12.8G,PE,4,263.318,166.462,+36.8%,1.58x
WGS_PE_12.8G,PE,8,138.449,87.098,+37.1%,1.59x
WGS_PE_12.8G,PE,16,116.057,71.680,+38.2%,1.62x
WGS_PE_12.8G,PE,32,118.728,71.588,+39.7%,1.66x
WGS_PE_18.2G,PE,1,638.162,858.655,-34.6%,0.74x
WGS_PE_18.2G,PE,2,750.984,440.681,+41.3%,1.70x
WGS_PE_18.2G,PE,4,384.485,222.847,+42.0%,1.73x
WGS_PE_18.2G,PE,8,198.496,118.277,+40.4%,1.68x
WGS_PE_18.2G,PE,16,167.416,100.272,+40.1%,1.67x
WGS_PE_18.2G,PE,32,173.708,100.766,+42.0%,1.72x
WGS_PE_40G,PE,2,2735.899,2187.130,+20.1%,1.25x
WGS_PE_40G,PE,4,1390.139,1111.247,+20.1%,1.25x
WGS_PE_40G,PE,8,721.466,561.405,+22.2%,1.29x
WGS_PE_40G,PE,32,726.846,241.049,+66.8%,3.02x
