dataset,type,threads,opengene_s,d0bromir_cpu_s,d0bromir_gpu_s,gpu_overhead_vs_cpu_s,gpu_overhead_vs_cpu_pct,note
Panel_SE_148M,SE,1,7.563,7.773,9.714,+1.941,+25.0%,derived_from_walltime
Panel_SE_148M,SE,2,7.006,4.749,6.737,+1.988,+41.9%,derived_from_walltime
Panel_SE_148M,SE,4,4.164,3.904,6.523,+2.619,+67.1%,derived_from_walltime
Panel_SE_148M,SE,8,2.885,3.975,7.118,+3.143,+79.1%,derived_from_walltime
Panel_SE_148M,SE,16,2.367,3.901,6.763,+2.862,+73.4%,derived_from_walltime
Panel_SE_148M,SE,32,2.418,3.781,6.960,+3.179,+84.1%,derived_from_walltime
Panel_PE_304M,PE,1,10.355,11.078,12.404,+1.326,+12.0%,derived_from_walltime
Panel_PE_304M,PE,2,11.692,7.261,7.990,+0.729,+10.0%,derived_from_walltime
Panel_PE_304M,PE,4,6.508,4.039,7.537,+3.498,+86.6%,derived_from_walltime
Panel_PE_304M,PE,8,3.868,3.293,6.137,+2.844,+86.4%,derived_from_walltime
Panel_PE_304M,PE,16,2.586,3.875,7.182,+3.307,+85.3%,derived_from_walltime
Panel_PE_304M,PE,32,2.206,3.288,6.729,+3.441,+104.7%,derived_from_walltime
WGS_SE_6.3G,SE,1,295.999,284.570,289.062,+4.492,+1.6%,derived_from_walltime
WGS_SE_6.3G,SE,2,251.656,148.655,151.706,+3.051,+2.1%,derived_from_walltime
WGS_SE_6.3G,SE,4,137.891,81.040,84.354,+3.314,+4.1%,derived_from_walltime
WGS_SE_6.3G,SE,16,201.798,79.138,82.463,+3.325,+4.2%,derived_from_walltime
WGS_SE_6.3G,SE,32,187.414,79.655,82.762,+3.107,+3.9%,derived_from_walltime
WGS_PE_12.8G,PE,1,449.818,634.608,555.197,-79.411,-12.5%,derived_from_walltime
WGS_PE_12.8G,PE,2,521.682,324.849,290.362,-34.487,-10.6%,derived_from_walltime
WGS_PE_12.8G,PE,4,263.318,166.462,149.248,-17.214,-10.3%,derived_from_walltime
WGS_PE_12.8G,PE,8,138.449,87.098,79.767,-7.331,-8.4%,derived_from_walltime
WGS_PE_12.8G,PE,16,116.057,71.680,75.131,+3.451,+4.8%,derived_from_walltime
WGS_PE_12.8G,PE,32,118.728,71.588,76.108,+4.520,+6.3%,derived_from_walltime
WGS_PE_18.2G,PE,1,638.162,858.655,739.533,-119.122,-13.9%,derived_from_walltime
WGS_PE_18.2G,PE,2,750.984,440.681,385.652,-55.029,-12.5%,derived_from_walltime
WGS_PE_18.2G,PE,4,384.485,222.847,194.747,-28.100,-12.6%,derived_from_walltime
WGS_PE_18.2G,PE,8,198.496,118.277,105.980,-12.297,-10.4%,derived_from_walltime
WGS_PE_18.2G,PE,16,167.416,100.272,103.166,+2.894,+2.9%,derived_from_walltime
WGS_PE_18.2G,PE,32,173.708,100.766,104.708,+3.942,+3.9%,derived_from_walltime
WGS_PE_40G,PE,2,2735.899,2187.130,1890.198,-296.932,-13.6%,derived_from_walltime
WGS_PE_40G,PE,4,1390.139,1111.247,961.548,-149.699,-13.5%,derived_from_walltime
WGS_PE_40G,PE,8,721.466,561.405,492.682,-68.723,-12.2%,derived_from_walltime
WGS_PE_40G,PE,32,726.846,241.049,245.289,+4.240,+1.8%,derived_from_walltime
