dataset,type,tool,threads,walltime_s,reads_in,reads_out,pct_vs_opengene
Panel_SE_148M,SE,opengene,1,7.563,1381894,1381299,baseline
Panel_SE_148M,SE,opengene,2,7.006,1381894,1381299,baseline
Panel_SE_148M,SE,opengene,4,4.164,1381894,1381299,baseline
Panel_SE_148M,SE,opengene,8,2.885,1381894,1381299,baseline
Panel_SE_148M,SE,opengene,16,2.367,1381894,1381299,baseline
Panel_SE_148M,SE,opengene,32,2.418,1381894,1381299,baseline
Panel_SE_148M,SE,d0bromir_cpu,1,7.773,1381894,1381299,+2.8%
Panel_SE_148M,SE,d0bromir_cpu,2,4.749,1381894,1381299,-32.2%
Panel_SE_148M,SE,d0bromir_cpu,4,3.904,1381894,1381299,-6.2%
Panel_SE_148M,SE,d0bromir_cpu,8,3.975,1381894,1381299,+37.8%
Panel_SE_148M,SE,d0bromir_cpu,16,3.901,1381894,1381299,+64.8%
Panel_SE_148M,SE,d0bromir_cpu,32,3.781,1381894,1381299,+56.4%
Panel_SE_148M,SE,d0bromir_gpu,1,9.714,1381894,1381299,+28.4%
Panel_SE_148M,SE,d0bromir_gpu,2,6.737,1381894,1381299,-3.8%
Panel_SE_148M,SE,d0bromir_gpu,4,6.523,1381894,1381299,+56.7%
Panel_SE_148M,SE,d0bromir_gpu,8,7.118,1381894,1381299,+146.7%
Panel_SE_148M,SE,d0bromir_gpu,16,6.763,1381894,1381299,+185.7%
Panel_SE_148M,SE,d0bromir_gpu,32,6.960,1381894,1381299,+187.8%
Panel_PE_304M,PE,opengene,1,10.355,2763788,2761244,baseline
Panel_PE_304M,PE,opengene,2,11.692,2763788,2761244,baseline
Panel_PE_304M,PE,opengene,4,6.508,2763788,2761244,baseline
Panel_PE_304M,PE,opengene,8,3.868,2763788,2761244,baseline
Panel_PE_304M,PE,opengene,16,2.586,2763788,2761244,baseline
Panel_PE_304M,PE,opengene,32,2.206,2763788,2761244,baseline
Panel_PE_304M,PE,d0bromir_cpu,1,11.078,2763788,2761244,+7.0%
Panel_PE_304M,PE,d0bromir_cpu,2,7.261,2763788,2761244,-37.9%
Panel_PE_304M,PE,d0bromir_cpu,4,4.039,2763788,2761244,-37.9%
Panel_PE_304M,PE,d0bromir_cpu,8,3.293,2763788,2761244,-14.9%
Panel_PE_304M,PE,d0bromir_cpu,16,3.875,2763788,2761244,+49.8%
Panel_PE_304M,PE,d0bromir_cpu,32,3.288,2763788,2761244,+49.0%
Panel_PE_304M,PE,d0bromir_gpu,1,12.404,2763788,2761244,+19.8%
Panel_PE_304M,PE,d0bromir_gpu,2,7.990,2763788,2761244,-31.7%
Panel_PE_304M,PE,d0bromir_gpu,4,7.537,2763788,2761244,+15.8%
Panel_PE_304M,PE,d0bromir_gpu,8,6.137,2763788,2761244,+58.7%
Panel_PE_304M,PE,d0bromir_gpu,16,7.182,2763788,2761244,+177.7%
Panel_PE_304M,PE,d0bromir_gpu,32,6.729,2763788,2761244,+205.0%
WGS_SE_6.3G,SE,opengene,1,295.999,80314764,77515798,baseline
WGS_SE_6.3G,SE,opengene,2,251.656,80314764,77515798,baseline
WGS_SE_6.3G,SE,opengene,4,137.891,80314764,77515798,baseline
WGS_SE_6.3G,SE,opengene,16,201.798,80314764,77515798,baseline
WGS_SE_6.3G,SE,opengene,32,187.414,80314764,77515798,baseline
WGS_SE_6.3G,SE,d0bromir_cpu,1,284.570,80314764,77515798,-3.9%
WGS_SE_6.3G,SE,d0bromir_cpu,2,148.655,80314764,77515798,-40.9%
WGS_SE_6.3G,SE,d0bromir_cpu,4,81.040,80314764,77515798,-41.2%
WGS_SE_6.3G,SE,d0bromir_cpu,8,80.633,80314764,77515798,
WGS_SE_6.3G,SE,d0bromir_cpu,16,79.138,80314764,77515798,-60.8%
WGS_SE_6.3G,SE,d0bromir_cpu,32,79.655,80314764,77515798,-57.5%
WGS_SE_6.3G,SE,d0bromir_gpu,1,289.062,80314764,77515798,-2.3%
WGS_SE_6.3G,SE,d0bromir_gpu,2,151.706,80314764,77515798,-39.7%
WGS_SE_6.3G,SE,d0bromir_gpu,4,84.354,80314764,77515798,-38.8%
WGS_SE_6.3G,SE,d0bromir_gpu,8,83.128,80314764,77515798,
WGS_SE_6.3G,SE,d0bromir_gpu,16,82.463,80314764,77515798,-59.1%
WGS_SE_6.3G,SE,d0bromir_gpu,32,82.762,80314764,77515798,-55.8%
WGS_PE_12.8G,PE,opengene,1,449.818,160629528,147153690,baseline
WGS_PE_12.8G,PE,opengene,2,521.682,160629528,147153690,baseline
WGS_PE_12.8G,PE,opengene,4,263.318,160629528,147153690,baseline
WGS_PE_12.8G,PE,opengene,8,138.449,160629528,147153690,baseline
WGS_PE_12.8G,PE,opengene,16,116.057,160629528,147153690,baseline
WGS_PE_12.8G,PE,opengene,32,118.728,160629528,147153690,baseline
WGS_PE_12.8G,PE,d0bromir_cpu,1,634.608,160629528,147153690,+41.1%
WGS_PE_12.8G,PE,d0bromir_cpu,2,324.849,160629528,147153690,-37.7%
WGS_PE_12.8G,PE,d0bromir_cpu,4,166.462,160629528,147153690,-36.8%
WGS_PE_12.8G,PE,d0bromir_cpu,8,87.098,160629528,147153690,-37.1%
WGS_PE_12.8G,PE,d0bromir_cpu,16,71.680,160629528,147153690,-38.2%
WGS_PE_12.8G,PE,d0bromir_cpu,32,71.588,160629528,147153690,-39.7%
WGS_PE_12.8G,PE,d0bromir_gpu,1,555.197,160629528,147153690,+23.4%
WGS_PE_12.8G,PE,d0bromir_gpu,2,290.362,160629528,147153690,-44.3%
WGS_PE_12.8G,PE,d0bromir_gpu,4,149.248,160629528,147153690,-43.3%
WGS_PE_12.8G,PE,d0bromir_gpu,8,79.767,160629528,147153690,-42.4%
WGS_PE_12.8G,PE,d0bromir_gpu,16,75.131,160629528,147153690,-35.3%
WGS_PE_12.8G,PE,d0bromir_gpu,32,76.108,160629528,147153690,-35.9%
WGS_PE_18.2G,PE,opengene,1,638.162,234238034,217840930,baseline
WGS_PE_18.2G,PE,opengene,2,750.984,234238034,217840930,baseline
WGS_PE_18.2G,PE,opengene,4,384.485,234238034,217840930,baseline
WGS_PE_18.2G,PE,opengene,8,198.496,234238034,217840930,baseline
WGS_PE_18.2G,PE,opengene,16,167.416,234238034,217840930,baseline
WGS_PE_18.2G,PE,opengene,32,173.708,234238034,217840930,baseline
WGS_PE_18.2G,PE,d0bromir_cpu,1,858.655,234238034,217840930,+34.6%
WGS_PE_18.2G,PE,d0bromir_cpu,2,440.681,234238034,217840930,-41.3%
WGS_PE_18.2G,PE,d0bromir_cpu,4,222.847,234238034,217840930,-42.0%
WGS_PE_18.2G,PE,d0bromir_cpu,8,118.277,234238034,217840930,-40.4%
WGS_PE_18.2G,PE,d0bromir_cpu,16,100.272,234238034,217840930,-40.1%
WGS_PE_18.2G,PE,d0bromir_cpu,32,100.766,234238034,217840930,-42.0%
WGS_PE_18.2G,PE,d0bromir_gpu,1,739.533,234238034,217840930,+15.9%
WGS_PE_18.2G,PE,d0bromir_gpu,2,385.652,234238034,217840930,-48.6%
WGS_PE_18.2G,PE,d0bromir_gpu,4,194.747,234238034,217840930,-49.3%
WGS_PE_18.2G,PE,d0bromir_gpu,8,105.980,234238034,217840930,-46.6%
WGS_PE_18.2G,PE,d0bromir_gpu,16,103.166,234238034,217840930,-38.4%
WGS_PE_18.2G,PE,d0bromir_gpu,32,104.708,234238034,217840930,-39.7%
WGS_PE_40G,PE,opengene,2,2735.899,722563222,717214748,baseline
WGS_PE_40G,PE,opengene,4,1390.139,722563222,717214748,baseline
WGS_PE_40G,PE,opengene,8,721.466,722563222,717214748,baseline
WGS_PE_40G,PE,opengene,32,726.846,722563222,717214748,baseline
WGS_PE_40G,PE,d0bromir_cpu,2,2187.130,722563222,717214748,-20.1%
WGS_PE_40G,PE,d0bromir_cpu,4,1111.247,722563222,717214748,-20.1%
WGS_PE_40G,PE,d0bromir_cpu,8,561.405,722563222,717214748,-22.2%
WGS_PE_40G,PE,d0bromir_cpu,16,293.729,722563222,717214748,
WGS_PE_40G,PE,d0bromir_cpu,32,241.049,722563222,717214748,-66.8%
WGS_PE_40G,PE,d0bromir_gpu,2,1890.198,722563222,717214748,-30.9%
WGS_PE_40G,PE,d0bromir_gpu,4,961.548,722563222,717214748,-30.8%
WGS_PE_40G,PE,d0bromir_gpu,8,492.682,722563222,717214748,-31.7%
WGS_PE_40G,PE,d0bromir_gpu,16,260.208,722563222,717214748,
WGS_PE_40G,PE,d0bromir_gpu,32,245.289,722563222,717214748,-66.3%
