dataset,size,mode,tool,T1,T2,T4,T8,T16,T32
Panel_SE_148M,148 MB,SE,opengene,7.563,7.006,4.164,2.885,2.367,2.418
Panel_SE_148M,148 MB,SE,d0bromir_cpu,7.773,4.749,3.904,3.975,3.901,3.781
Panel_SE_148M,148 MB,SE,d0bromir_gpu,9.714,6.737,6.523,7.118,6.763,6.960
Panel_PE_304M,304 MB,PE,opengene,10.355,11.692,6.508,3.868,2.586,2.206
Panel_PE_304M,304 MB,PE,d0bromir_cpu,11.078,7.261,4.039,3.293,3.875,3.288
Panel_PE_304M,304 MB,PE,d0bromir_gpu,12.404,7.990,7.537,6.137,7.182,6.729
WGS_SE_6.3G,6.3 GB,SE,opengene,295.999,251.656,137.891,,201.798,187.414
WGS_SE_6.3G,6.3 GB,SE,d0bromir_cpu,284.570,148.655,81.040,80.633,79.138,79.655
WGS_SE_6.3G,6.3 GB,SE,d0bromir_gpu,289.062,151.706,84.354,83.128,82.463,82.762
WGS_PE_12.8G,12.7 GB,PE,opengene,449.818,521.682,263.318,138.449,116.057,118.728
WGS_PE_12.8G,12.7 GB,PE,d0bromir_cpu,634.608,324.849,166.462,87.098,71.680,71.588
WGS_PE_12.8G,12.7 GB,PE,d0bromir_gpu,555.197,290.362,149.248,79.767,75.131,76.108
WGS_PE_18.2G,18.1 GB,PE,opengene,638.162,750.984,384.485,198.496,167.416,173.708
WGS_PE_18.2G,18.1 GB,PE,d0bromir_cpu,858.655,440.681,222.847,118.277,100.272,100.766
WGS_PE_18.2G,18.1 GB,PE,d0bromir_gpu,739.533,385.652,194.747,105.980,103.166,104.708
WGS_PE_40G,38.5 GB,PE,opengene,,2735.899,1390.139,721.466,,726.846
WGS_PE_40G,38.5 GB,PE,d0bromir_cpu,,2187.130,1111.247,561.405,293.729,241.049
WGS_PE_40G,38.5 GB,PE,d0bromir_gpu,,1890.198,961.548,492.682,260.208,245.289
