rep,config,threads,wall_s,user_s,sys_s,rss_kb,exit,reads_in,passed,json14_md5,jsonfull_md5
1,fast_prestats,32,243.09,6814.58,108.88,3352628,0,722563222,717214748,247ebc10bf1ae6c98f4849dbef7058ea,2dfb8b4926d0a56a13ba6a5aac42186a
1,+async,32,1084.95,6958.75,327.53,4949316,0,722563222,717214748,247ebc10bf1ae6c98f4849dbef7058ea,3bed1a3eb0d8bd203cc9065715800639
1,all_off,32,1084.24,6984.84,318.71,4816580,0,722563222,717214748,247ebc10bf1ae6c98f4849dbef7058ea,3c1f5901e15446cc1519c48f9e9c23f2
1,all_off,8,1082.08,6515.01,118.68,3080976,0,722563222,717214748,247ebc10bf1ae6c98f4849dbef7058ea,e29d98b2eb9e25ed67d9b2bd9ea38499
1,gpu,8,387.41,6007.34,72.37,2977084,0,722563222,717214748,247ebc10bf1ae6c98f4849dbef7058ea,00e25c6cb205ad66954db0fc395374f2
1,og,8,692.28,6300.21,50.54,1311132,0,722563222,717214748,247ebc10bf1ae6c98f4849dbef7058ea,5d7ff5e3f636a9ef6cba9783b21201ff
1,fast_prestats,8,428.93,6353.16,71.74,2231644,0,722563222,717214748,247ebc10bf1ae6c98f4849dbef7058ea,8c8ec949e54597d5c62a281fb06ac60a
1,og,32,651.86,8006.28,774.73,1921480,0,722563222,717214748,247ebc10bf1ae6c98f4849dbef7058ea,5a4b9272eaed3c040fbd6e92a5e083d9
1,loo_async,8,449.32,6487.33,67.80,2199508,0,722563222,717214748,247ebc10bf1ae6c98f4849dbef7058ea,9f5dd129446ef3d2e487fd623185c184
1,full_cpu,8,447.28,6509.51,73.84,2232944,0,722563222,717214748,247ebc10bf1ae6c98f4849dbef7058ea,6fab005ccfde430c6095317667cb23ce
1,gpu,32,244.20,6505.14,115.21,4095740,0,722563222,717214748,247ebc10bf1ae6c98f4849dbef7058ea,fdd70d76050a3b85f7567de2ee81288c
1,full_cpu,32,245.49,6986.39,109.05,3353756,0,722563222,717214748,247ebc10bf1ae6c98f4849dbef7058ea,91f77498037e3e932aa62016006e9c9d
1,loo_async,32,341.47,6947.09,133.31,3343040,0,722563222,717214748,247ebc10bf1ae6c98f4849dbef7058ea,89ea1ac52876431e8396ee13d8b1f6be
1,+async,8,1082.94,6476.15,122.58,3346224,0,722563222,717214748,247ebc10bf1ae6c98f4849dbef7058ea,929de6a6752148b766967766f09ac232
2,all_off,8,1082.88,6516.62,119.26,3005904,0,722563222,717214748,247ebc10bf1ae6c98f4849dbef7058ea,f849e29c5b2b49d9c1acf701687d2646
2,+async,8,1082.76,6471.97,122.42,3283676,0,722563222,717214748,247ebc10bf1ae6c98f4849dbef7058ea,715ebbbaec1faeaa55ec6fb49fcfb619
2,+async,32,1084.39,6994.99,323.64,4958640,0,722563222,717214748,247ebc10bf1ae6c98f4849dbef7058ea,85588ea09dce8e688e26e5ec9d017a27
2,fast_prestats,32,244.09,6815.60,107.35,3353824,0,722563222,717214748,247ebc10bf1ae6c98f4849dbef7058ea,0ff1910355548471712111fe2f8d243c
2,og,8,693.94,6308.86,51.00,1304304,0,722563222,717214748,247ebc10bf1ae6c98f4849dbef7058ea,5d7ff5e3f636a9ef6cba9783b21201ff
2,full_cpu,32,245.30,6980.46,104.64,3355688,0,722563222,717214748,247ebc10bf1ae6c98f4849dbef7058ea,be8a3807df3774fe15ae9b6c31ff5ea8
2,fast_prestats,8,428.44,6361.80,74.41,2228520,0,722563222,717214748,247ebc10bf1ae6c98f4849dbef7058ea,59c2ab100c2b833c581a03bf3e137071
2,all_off,32,1084.91,6985.23,324.46,4783572,0,722563222,717214748,247ebc10bf1ae6c98f4849dbef7058ea,1c4ea2b19e632ab80b4610e0aaa90451
2,gpu,8,387.89,6016.59,73.48,2968316,0,722563222,717214748,247ebc10bf1ae6c98f4849dbef7058ea,a7be8f5f0bb83298276fbdbf0c0b0473
2,loo_async,8,450.58,6497.11,69.52,2197876,0,722563222,717214748,247ebc10bf1ae6c98f4849dbef7058ea,983ba388d217eaabc663d8f3f56b473f
2,loo_async,32,343.07,6963.77,129.98,3340844,0,722563222,717214748,247ebc10bf1ae6c98f4849dbef7058ea,da8875125dd87ab5aaf59f50182c1b98
2,full_cpu,8,447.40,6512.13,74.98,2229208,0,722563222,717214748,247ebc10bf1ae6c98f4849dbef7058ea,0887961214695d623d027949560813b7
2,og,32,696.44,7786.86,623.00,1917380,0,722563222,717214748,247ebc10bf1ae6c98f4849dbef7058ea,5a4b9272eaed3c040fbd6e92a5e083d9
2,gpu,32,242.88,6491.76,101.72,3607436,0,722563222,717214748,247ebc10bf1ae6c98f4849dbef7058ea,ec11ecaf4c572463a70126d0aa62c67a
3,all_off,8,1082.28,6513.61,118.40,3058716,0,722563222,717214748,247ebc10bf1ae6c98f4849dbef7058ea,5adbd20da66c8ce1fc347af4690d5333
3,full_cpu,8,447.17,6514.59,74.98,2240004,0,722563222,717214748,247ebc10bf1ae6c98f4849dbef7058ea,5528b706ee2d347a41ed8525811d9df2
3,+async,32,1084.04,6993.89,317.98,4948348,0,722563222,717214748,247ebc10bf1ae6c98f4849dbef7058ea,0f2e67dd5d5dd3a423ab2c1414e672ec
3,+async,8,1082.25,6477.89,122.83,3335156,0,722563222,717214748,247ebc10bf1ae6c98f4849dbef7058ea,a0c194817c8a7475f03ed0002645a199
3,og,32,691.58,7804.83,631.74,1922684,0,722563222,717214748,247ebc10bf1ae6c98f4849dbef7058ea,5a4b9272eaed3c040fbd6e92a5e083d9
3,loo_async,32,339.68,6943.07,134.22,3348412,0,722563222,717214748,247ebc10bf1ae6c98f4849dbef7058ea,77824fead4d45cc1e015f3580b0d08d5
3,gpu,32,244.29,6487.51,115.97,4108828,0,722563222,717214748,247ebc10bf1ae6c98f4849dbef7058ea,41c13e250c628ac3e4be303bea9ff1ec
3,loo_async,8,450.15,6489.88,69.36,2200192,0,722563222,717214748,247ebc10bf1ae6c98f4849dbef7058ea,5bc8bd639a87e46ce62cee71285805f7
3,og,8,694.31,6314.11,50.65,1307804,0,722563222,717214748,247ebc10bf1ae6c98f4849dbef7058ea,5d7ff5e3f636a9ef6cba9783b21201ff
3,full_cpu,32,245.01,6976.32,102.99,3367464,0,722563222,717214748,247ebc10bf1ae6c98f4849dbef7058ea,8b85adff2e02a586c22fb85cdab12633
3,fast_prestats,32,243.09,6817.34,107.53,3344508,0,722563222,717214748,247ebc10bf1ae6c98f4849dbef7058ea,30e3b1c11ed3f5275d857f0d2b33755d
3,fast_prestats,8,427.87,6351.79,73.90,2234052,0,722563222,717214748,247ebc10bf1ae6c98f4849dbef7058ea,806c2a64e97bcd44cac1416e0e980319
3,all_off,32,1083.80,6985.28,306.62,4876468,0,722563222,717214748,247ebc10bf1ae6c98f4849dbef7058ea,bc59c9ef8431d8f45c2474767609ea1e
3,gpu,8,386.72,6000.45,72.24,2967756,0,722563222,717214748,247ebc10bf1ae6c98f4849dbef7058ea,4167eb18aa58dd621022959724878316
