rep,tool,threads,policy,wall_s,exit,reads_in,reads_out
1,cpu,16,interleave,180.083455341,0,234238034,217840930
1,cpu,16,bind0,165.091766485,0,234238034,217840930
1,opengene,16,default,600.374490765,HANG,0,0
1,cpu,16,default,180.089295027,0,234238034,217840930
1,opengene,16,bind0,525.353353482,HANG,0,0
1,opengene,8,default,600.387061767,HANG,0,0
1,opengene,8,interleave,315.163883001,0,234238034,217840930
1,opengene,8,bind0,285.142652720,0,234238034,217840930
1,cpu,8,bind0,165.085028783,0,234238034,217840930
1,opengene,16,interleave,240.121213903,0,234238034,217840930
1,cpu,8,interleave,180.097319044,0,234238034,217840930
1,cpu,8,default,180.101276687,0,234238034,217840930
2,opengene,8,bind0,285.142161840,0,234238034,217840930
2,opengene,8,interleave,285.155990381,0,234238034,217840930
2,opengene,8,default,300.165397080,0,234238034,217840930
2,cpu,8,default,180.096907374,0,234238034,217840930
2,opengene,16,bind0,540.351792326,HANG,0,0
2,cpu,8,interleave,180.093538563,0,234238034,217840930
2,opengene,16,default,255.132608205,0,234238034,217840930
2,opengene,16,interleave,555.365935113,HANG,0,0
2,cpu,16,bind0,165.088088825,0,234238034,217840930
2,cpu,8,bind0,165.083734941,0,234238034,217840930
2,cpu,16,default,180.091520133,0,234238034,217840930
2,cpu,16,interleave,180.095133128,0,234238034,217840930
3,cpu,16,interleave,180.090160407,0,234238034,217840930
3,cpu,16,default,180.089392817,0,234238034,217840930
3,opengene,8,default,585.366881786,HANG,0,0
3,opengene,16,bind0,525.339397444,HANG,0,0
3,opengene,8,bind0,285.139982228,0,234238034,217840930
3,cpu,8,interleave,180.093275301,0,234238034,217840930
3,cpu,8,default,180.094186180,0,234238034,217840930
3,cpu,8,bind0,165.091692215,0,234238034,217840930
3,opengene,16,interleave,240.124228466,0,234238034,217840930
3,cpu,16,bind0,165.088154223,0,234238034,217840930
3,opengene,8,interleave,600.389393214,HANG,0,0
3,opengene,16,default,570.361278275,HANG,0,0
